{"cameraMode":{"drawMode":0,"name":"Shaded","section":"Shading Mode"},"sceneLighting":true,"audioPlay":false,"sceneViewState":{"m_AlwaysRefresh":false,"showFog":true,"showSkybox":true,"showFlares":true,"showImageEffects":true,"showParticleSystems":true,"showVisualEffectGraphs":true,"m_FxEnabled":true},"in2DMode":false,"pivot":{"x":-7.799945831298828,"y":-2.998845100402832,"z":36.886783599853519},"rotation":{"x":-0.09751506894826889,"y":-0.05312226340174675,"z":0.005211714189499617,"w":-0.9938072562217712},"size":11.876937866210938,"orthographic":false}