{"cameraMode":{"drawMode":0,"name":"Shaded","section":"Shading Mode"},"sceneLighting":true,"audioPlay":false,"sceneViewState":{"showFog":true,"showMaterialUpdate":false,"showSkybox":true,"showFlares":true,"showImageEffects":true,"showParticleSystems":true},"in2DMode":false,"pivot":{"x":43.634037017822269,"y":4.102999210357666,"z":-33.0966796875},"rotation":{"x":-0.0055303070694208149,"y":-0.9721246361732483,"z":0.23326373100280763,"w":-0.023047329857945443},"size":15.046768188476563,"orthographic":false}