{"cameraMode":{"drawMode":0,"name":"Shaded","section":"Shading Mode"},"sceneLighting":true,"audioPlay":false,"sceneViewState":{"m_AlwaysRefresh":false,"showFog":true,"showSkybox":true,"showFlares":true,"showImageEffects":true,"showParticleSystems":true,"showVisualEffectGraphs":true,"m_FxEnabled":true},"in2DMode":false,"pivot":{"x":-10.797540664672852,"y":1.778564691543579,"z":21.102033615112306},"rotation":{"x":0.0056901308707892899,"y":0.011097856797277928,"z":0.00006357360689435154,"w":-0.9999255537986755},"size":3.839484930038452,"orthographic":false}